,Means,Std. Err
No dropout,522.94,14.954882077742495
10% dropout,508.98,18.43566840089491
20% dropout,464.18,40.29010806839894
40% dropout,426.92,38.73011632055967
