,Means,Std. Err
Local only,510.5,36.451838507985364
Global included,476.32,26.779987044852145
