,Means,Std. Err
cnet,-40.58,14.479262863185559
wnet,37.06,57.871295694032305
wnet+,382.56,46.56731059795627
dwnet,197.24,61.163798549969286
rwnet,477.42,18.35313663899977
convnet,289.58,41.41234253559817
