,Means,Std. Err
Base,508.98,18.43566840089491
Wider network,444.96,16.5157923188192
Deeper and wider network,292.58,57.85930923633743
